,id,name,categories,location.lat,location.lng
0,50fb1994e4b0d5fd052ed832,King's Vegetarian Food 觀自在,Grocery Store,43.786748837474605,-79.27000374995664
1,4d862b8ef1e56ea85e38988a,Midtown Food Court,Food Court,43.785134,-79.278878
2,4dbc40d7815439392f9cf0ce,大泉港式快餐 Great Fountain Fast Food,Food Court,43.78683543504715,-79.27740017282075
3,4bdc7e67fed22d7ffd6c58c9,Dynasty Centre Food Court,Food Court,43.78686860583264,-79.27740694360678
4,4c6dd5dd06ed6dcbd338a522,Rainbow Food,Chinese Restaurant,43.78494564768627,-79.27795818846033
5,4bf814415ec320a1361088d3,Lung Tung BBQ Food,Asian Restaurant,43.78483611303932,-79.27783727645874
6,4c2b723d8ef52d7f165f31ba,Food jungle,Juice Bar,43.786996,-79.277111
7,51507dade4b0c47104933fbd,Silver Fountain Fast Food,Chinese Restaurant,43.786806,-79.277431
8,4c9521600341370483e078ef,Ho Ho Ho Food Products,Gourmet Shop,43.787338,-79.276514
9,4bc368aaabf49521e0b7c393,Midland Food Court,,43.786748223046324,-79.27556917551556
10,4f833173e4b01cf8251fbefa,Midtown Food Court,Food Court,43.782725343210565,-79.28047374216735
11,4c81041951ada1cdbf830e10,Food depot,,43.78898,-79.26776
12,528b9260498ef6f6d006e9c6,Tong Yong Stainless Steel Food Services,Furniture / Home Store,43.78941349757282,-79.26575376611675
13,4ea322b9b80355a9820d4263,G Prasad Caribbean Oriental Specialty Food,Grocery Store,43.788231,-79.263481
14,4e403ed7b0fb875af88612d6,M&M Food Market,Grocery Store,43.78389082188091,-79.29248574740865
15,4efbb51bf9ab0847f95ff7a8,Asian Fusion,Asian Restaurant,43.78415610599154,-79.29276980789129
16,4e21cb18b61cdcf1ecc15668,JW Foods,Butcher,43.790388667600155,-79.26968996240514
17,524a005611d2610588a00892,JW Foods and The Meal Butler,Food & Drink Shop,43.790133877029675,-79.26921129226685
18,53a9e8cd498ee8f7c57423ef,Jing Peking Foods Canada,Dumpling Restaurant,43.7837,-79.2932
19,4c39cce80a71c9b61e0443c9,Jesse Jr. (Filipino Foods & Restaurant),Restaurant,43.78756491773208,-79.26880977111882
20,4e57ebf5483b0fb7715cba65,Salamanca Dry Food Store,Grocery Store,43.654639343337465,-79.40177821005388
21,4adb87b0f964a520ad2821e3,金城超級市場 Lucky Moose Food Mart,Grocery Store,43.65365148008927,-79.3944133930438
22,5f51173513c5c74d1b83cd09,Tut's Egyptian Street Food,Fast Food Restaurant,43.64466,-79.39947
23,5d9c8cff18130c0008ec34e7,Local Toronto Food Tours,Tour Provider,43.648201,-79.398575
24,4b79bcd0f964a520b90e2fe3,Sam's Food Stores,Deli / Bodega,43.657317264642636,-79.40299540733727
25,51e6d20a498e2c216f696ee4,Food Palace Gelato,Dessert Shop,43.648679,-79.404428
26,4b23c951f964a520ad5924e3,Kensington Food Market,Farmers Market,43.654058473740236,-79.40037565547179
27,4fb2834fe4b08d0716af2240,Container Food Cart,,43.65215,-79.404626
28,5430d25b498ed5e70b98d23d,K Food,Korean Restaurant,43.652114,-79.404978
29,4fb2839fe4b0bb3b41aec8e5,Shipping Container Food Court,Food Stand,43.65215,-79.404626
30,4e8f311f550342b5a3b90be5,Street Food By Magic Oven,Sandwich Place,43.65218,-79.404891
31,596d166f59fe5c3ad7bedca6,Columbian Street Food,Food Truck,43.652258,-79.405271
32,4d05021430a58cfab3f2a2e7,Kings Chinese Food,Chinese Restaurant,43.65217127125288,-79.40239389922823
33,4c41dece6c1a952196adb96a,Fort York Food Bank,Non-Profit,43.651824,-79.408171
34,52a79a9e498ee7db57d02793,Qi Natural Food,Health Food Store,43.64780123142851,-79.40105806840302
35,4e5fad81aeb7769b2d24323e,Toronto Food Policy Council,Government Building,43.651647924305095,-79.40909475082974
36,56e9a32c498ec6584cad1ba3,Via Mercanti Food Shop,Café,43.654075,-79.401763
37,53c42691498e9a18da97056b,food truck alley,Food Truck,43.645629569699615,-79.39860074891894
38,4e57f282887710a8481de1f3,Mexican Dry Food,Mexican Restaurant,43.654659271240234,-79.40155029296875
39,52d3f5f4498e23fbac594262,Ontario Association of Food Banks,Non-Profit,43.64655170118709,-79.4019706133616
40,4c2389fe13c00f47563189de,Goodman Chinese Natural Herbs And Food Store,,43.651216,-79.397657
41,4fb6bc86e4b012942f45ec5c,Rebozos Mexican food,Mexican Restaurant,43.65277558586548,-79.39839734370697
42,5b2d1e46f2554e0039457fa1,Pet Food Platters,Pet Store,43.649958,-79.397138
43,5ab538750123580854d5c033,Parka Food Co.,Comfort Food Restaurant,43.64872744118274,-79.39728140830994
44,4ba7f507f964a520c0c139e3,Soonderella Korean Fast Food,Korean Restaurant,43.647774745161314,-79.41139238782287
45,56aff505498e262fbbf9d84d,Melia Point of Sales (Fresh & Wild Food Market),Food & Drink Shop,43.645496,-79.39485
46,4e1db91fd22dc55c99bed305,J.C. Food Market,Convenience Store,43.648038,-79.395019
47,594d55e36eda024e0a8d10a3,Legend Aroma Food,Asian Restaurant,43.65359,-79.39519
48,4bcf69f5b221c9b6ddfbd1d0,Apple Tree Natural Food,Miscellaneous Shop,43.645942899765416,-79.4100951643965
49,55999fb8498e9a82ad785d52,Koi Gourmet Inc Food Truck,Food Truck,43.64933804127482,-79.39439511768336
50,5a0472ea6e465038158bf043,iQ Food Co.,Salad Place,43.644085,-79.401444
51,4b7d6015f964a520fbba2fe3,King Street Food Co.,Office,43.644848,-79.396384
52,5a17518e78782c5f75f886e4,Campo Food Hall,Restaurant,43.645329,-79.395437
53,548b50b2498e73a77b9fcdb1,Qing Food Store,Grocery Store,43.64252190761353,-79.4075041459343
54,4deff4047d8ba370a00cf60d,Champs Food Supplies,Grocery Store,43.64690374087753,-79.39175619256656
55,4ad4c05ff964a5200cf720e3,Mars Food,Diner,43.65660556783805,-79.40718861718922
56,4f222719e4b0008740013092,Foodies on Foot,General Entertainment,43.64429875732721,-79.39894158908137
57,57bdf0e8498e74f2d14a3fa1,foodora Canada,Business Service,43.644418,-79.39706
58,4be8a7fed837c9b61ea3a506,Fong On Foods,Dessert Shop,43.65389358859708,-79.4002994398301
59,55b3ca59498e09f995e9ac5f,Eative,Ice Cream Shop,43.65510623723068,-79.40230269585112
60,51bb3390498ed12a72295eb5,El Gordo Fine Foods Ltd.,Latin American Restaurant,43.65479682729422,-79.40226196617913
61,4b70af61f964a5208d292de3,Fragrant Foods,Chinese Restaurant,43.653657,-79.395549
62,5196c1d7498e336c799764a2,BeachBoysFoodTruck,Food Truck,43.645604,-79.395557
63,4bbe59de30c99c74829f5311,Festival Fine Foods,Grocery Store,43.654972657493424,-79.41581710175281
64,5d3f73553559db00081d40db,双喜吃貨公司 Shuangxi Foodie Co.,Dessert Shop,43.64632,-79.39824
65,4c586c596418a59384a3810e,Artisan Bakery & Foods,Bakery,43.646471842857146,-79.39586027142857
66,4b4a4606f964a520c48126e3,4 Life Natural Foods,Farmers Market,43.6552749938635,-79.40237389544615
67,5d5acb1dd02ea20007f36478,Salus Fresh Foods,Salad Place,43.64753499801954,-79.3927001953125
68,4af45a8af964a52097f121e3,Banh Mi Nguyen Huong,Vietnamese Restaurant,43.653628006211044,-79.3983759881993
69,4b003cbef964a520d33b22e3,San Francesco Foods,Sandwich Place,43.65405453094444,-79.41346797552856
70,4edd00541e17ed0047d52bfe,M&M Food Market,Grocery Store,43.712822,-79.5324624
71,4fa986b6e4b06123da14b3e7,Asian Food Market,Asian Restaurant,43.706851959228516,-79.47852325439453
72,4ec2fc7c722ea6a3775ebb34,George's Food Store,Convenience Store,43.70858,-79.47643
73,581291f838fa5d7df054747b,Food Starter,Food Service,43.704997,-79.471057
74,57f7f0bb498e09f46b4bb69c,Nonna B's Food,Deli / Bodega,43.715548,-79.48987
75,501c0773e4b06ba2e91155c5,Rustico Fine Foods,Café,43.709012,-79.470864
76,5b760d9eb1538e002c9a5f5d,Food Trip,Filipino Restaurant,43.738397,-79.43422
77,5d50879d32ac8d0008be69d5,DPY Mama's Food Market,Grocery Store,43.73723200550416,-79.4363571703434
78,5042a1ede4b02607d0f2eeab,FV Foods (Filipino Bakery & Asian Cuisine),Filipino Restaurant,43.73748741855667,-79.43442072982069
79,4b56381af964a520e60528e3,Qi Natural Food,Grocery Store,43.663714406826,-79.41774925185668
80,4bca8dc1b6c49c7496de9091,Junk Food Truck,Food Truck,43.66240960658337,-79.40628583940982
81,4ec666c07bebb084a3a81d8f,Daily Fresh Food Market,Convenience Store,43.662437222386444,-79.42362166984304
82,4cfa9a2cee9cb60cc94e8bad,Herbs & Nutrition Qi Natural Food,Health Food Store,43.665013428045555,-79.41189818065214
83,5e3605c607fd820007d6f219,Magic Health Food,Weight Loss Center,43.664301,-79.415286
84,4eea8fb377c8730d37eb57af,Food Plus Market,Convenience Store,43.674530236903806,-79.40714069959441
85,5c50cc8f8d0a53002c1ac850,The Annex Food Hall,Food Court,43.666285,-79.406433
86,4b6e7cc8f964a52055bf2ce3,food plus market 24 hrs,Grocery Store,43.674514868797786,-79.40713764066462
87,59440bbbb399f710753d18b0,Menu Food Truck,Food Truck,43.66421422314263,-79.40031043449159
88,530b8dac498e0174858564be,Robarts Library Food Court,College Cafeteria,43.66504464581337,-79.39929892016006
89,5363d3ec498e3a9213707e20,Richmond Adelaide Centre Food Court,Food Court,43.672412,-79.402736
90,4d0152d07212b60cc3bcd3bf,Chinese Food Truck - Sidney Smith,Chinese Restaurant,43.662624121853135,-79.39824341514091
91,4ae5d2bcf964a5204fa221e3,Noah's Natural Food,Grocery Store,43.666914516444635,-79.4034584375335
92,4cca2003e47f5481bb13c6f7,Chinese Food Truck,Food Truck,43.663658573630634,-79.3983313743529
93,51b78d02498ef3c190455409,Mom's Korean Restaurant,Korean Restaurant,43.6646250121462,-79.41366853502585
94,4c487fed19fde21e36cc0b76,Ken's Snack Service - Chinese Food Truck,Food Truck,43.66130754064001,-79.39766618073506
95,4d694b386297721eded9c6b5,Health Valley Natural Foods,,43.666001,-79.406705
96,4ad4c05ff964a52014f720e3,Papa Ceo Fine Italian Foods & Pizza,Pizza Place,43.66329982959619,-79.40231705278073
97,4c000fe1ca1920a10cc6ed81,Harbord Foods,Grocery Store,43.66028097,-79.41642018
98,50707f89e4b019e66b10b8e7,Amore Fine Foods,Italian Restaurant,43.6720624028808,-79.41910939095219
99,4bc719286501c9b63abd3d29,Life choices natural foods,,43.669533,-79.399983
100,534727ee11d20a0545f39151,Kee's Fine Foods,Food Truck,43.663013,-79.398108
101,4b71ede3f964a520cd642de3,Kee's Fine Foods,Food Truck,43.66319065887404,-79.39808398885582
102,4c1aa175b9f876b07bf87846,Magnolia Fine Foods,Gourmet Shop,43.65566969653097,-79.41159576435575
103,527beeb211d295bc9cbfb692,Ritz Caribbean Food,Caribbean Restaurant,43.66954527049821,-79.38650615702159
104,54f9f4ba498e930a82805214,Orderit Food Delivery,Restaurant,43.670665415535005,-79.38939571380615
105,5b33d0500d173f0039d5bdf8,Cabano's Comfort Food,Restaurant,43.66772415566321,-79.38660085201262
106,4c99015a2778224b8d12a968,Cumberland Terrace Food Court,Food Court,43.67084740791401,-79.3888701484574
107,536e9711498e44e28c13c75c,frankie fettuccine food truck,Food Truck,43.67202475358508,-79.38782515408403
108,4b3be588f964a520db7d25e3,Noah's Natural Foods,Food & Drink Shop,43.66853209575393,-79.38588463120627
109,4c1129533ce120a18840091c,Big Bee Convenience and Food Mart,Convenience Store,43.672502896777516,-79.38813304564451
110,53c83a2d498ee4c3c782a3b9,OMACA Food,Hot Dog Joint,43.67319772812812,-79.38818252812116
111,5b5cb0af345cbe002cdebd66,Yorkville Village Food Court,Food Court,43.670949,-79.394613
112,4fdbb934e4b0f86f6ad43857,Bori Convenience Food Mart,Convenience Store,43.665657051136535,-79.38033647597355
113,4ca63600a6e08cfa286b7894,Hudson's Bay Centre - Food Court,Food Court,43.6713931854864,-79.38461303418677
114,4bb11a0df964a5208f7a3ce3,Jong Young Food & Flower Market,Flower Shop,43.674084765002526,-79.39632091526352
115,57f41a9e498e31c705ed12f6,Seoul Food,Korean Restaurant,43.671971,-79.376812
116,55e25a73498e2820e391bd27,Che Food Truck,Food Truck,43.670370408241766,-79.3791102985356
117,4bcb5c7a68f976b053ec6083,Rabba Fine Foods,Grocery Store,43.6684747254827,-79.38825400276295
118,53af31a9498e8de9d6389c04,Just Falafel  . . . Redefining Street Food,Mediterranean Restaurant,43.661798749133474,-79.38612623401507
119,4e72738b1f6e1a1b4cdacf2b,Feed Me More Pet Foods,Pet Store,43.6639154537487,-79.38021337647847
120,50994431e4b0c6421eb0d1e9,Jack Astor's Band of Chefs Food Truck,Food Truck,43.67592238709114,-79.38195852454088
121,4b743e64f964a52077cf2de3,Ritz Caribbean Foods,Caribbean Restaurant,43.66150023337985,-79.38322536850163
122,5bae91222b274a002cd91734,Pink Food Truck,Food Truck,43.66017,-79.396935
123,5241bf5e11d283652fdf6027,College Park Food Court,Food Court,43.66117251057127,-79.38361744846544
124,4af25177f964a52057e721e3,Quick Yummy Time Food,,43.65897,-79.381995
125,4be21ca521d5a593ece71511,Toronto General Food Court,Food Court,43.65930919318473,-79.3873609093546
126,580aea74d67c230d453b04aa,Brothers Restaurant,Restaurant,43.6704210468,-79.38979309219646
127,4ba993eef964a520652f3ae3,Rabba Fine Foods,Grocery Store,43.672100513625665,-79.38496024726989
128,4b3a6017f964a520e66525e3,Rabba Fine Foods,Grocery Store,43.66829883264164,-79.38038436631686
129,554ea8bd498efa064ec03031,Paramount Fine Foods,Middle Eastern Restaurant,43.67067671443592,-79.38986486034777
130,4c54d4bf728920a1e3515d83,Rabba Fine Foods,Grocery Store,43.66466202511125,-79.38600527411525
131,4d5837c71270236a8e3a9359,Rabba Fine Foods,Grocery Store,43.666502162813124,-79.37609152323141
132,514b8cdbe4b0b5a9c961e540,H&H Health Foods Centre,Health Food Store,43.6657626120736,-79.3848671436796
133,577c30f2498e96f8466bde2d,Rabba Fine Foods,Convenience Store,43.669777,-79.380035
134,52c883bd498ed9fd8473b84d,All The Best Fine Foods,Gourmet Shop,43.66503008081415,-79.38060040453553
135,4b588e29f964a520c35d28e3,Duck,Chinese Restaurant,43.660739056022976,-79.38391327857971
136,5aef4a800d173f002cbdef59,Noah’s Natural Foods,Health Food Store,43.661273,-79.382277
137,4e259c7e091a817e3dd6a76d,Sweet & Natural Health Foods & Vita,Pharmacy,43.65958255555429,-79.38229322433472
138,580bc83338faf69cca1de7aa,Salus Fresh Foods,Salad Place,43.661417,-79.38153
139,4ad4c063f964a5203ff820e3,Pusateri's Fine Foods,Gourmet Shop,43.671275167402676,-79.39014235798119
140,4ad4c063f964a52052f820e3,Whole Foods Market,Grocery Store,43.671954,-79.395543
141,5b5a3bae46e1b6002c512d12,IKEA Bistro & Swedish Food Market,Food & Drink Shop,43.767763,-79.367451
142,4d2a05e055a8b60c16d7dbc0,IKEA North York,Furniture / Home Store,43.76831854814136,-79.3686300306581
143,4cbdafc24c60a0933e1e58ca,Pusateri's Fine Foods,Gourmet Shop,43.768679450123244,-79.38413261440179
144,5faa56a1f561ff59324b4001,M&M Food Market,Food Service,43.73412322998047,-79.40433502197266
145,4e35bfa56284ea7e1103e10c,Bruno's Fine Food,Butcher,43.7366419570093,-79.4198699051871
146,525037ef498eb6f5bc7d2615,Szechuan & Thai Specialty food,Asian Restaurant,43.729226,-79.418298
147,4cbb37817148f04dd10ae1ab,Bruno's Food,,43.72960227208224,-79.41891152714062
148,4cb08d7039458cfa5eb103a0,York Mills Centre Food Court,Food Court,43.74463727984939,-79.40650022117964
149,4ae8c0e7f964a520fbb121e3,Loblaws,Grocery Store,43.73525,-79.404517
150,4b89a58af964a520dc4832e3,Global Pet Foods,Pet Store,43.734015,-79.419371
151,4ffb4050830284672fd396dd,Sunrise Health Foods,Food & Drink Shop,43.72947584971316,-79.40289258956909
152,4c76b9cf411c9c742bfe12e2,Ararat International Fine Foods,Middle Eastern Restaurant,43.730415929297074,-79.41898297801043
153,582115a370fc420f1a12762a,The Original San Francesco Foods,Sandwich Place,43.7287,-79.40308
154,4c674ced7abde21e94536668,Ding Ho Chinese Food,Chinese Restaurant,43.75350728078251,-79.25354224810086
155,4bd607236798ef3be870648d,Top Food Supermarket,Grocery Store,43.75239565783231,-79.25994551019312
156,4c86c620d92ea093cfde7072,Philly's Island Food,Caribbean Restaurant,43.752388,-79.265525
157,5bdc776658002c002c52eef0,My Little Chickpea Gourmet Foods,Industrial Estate,43.753387,-79.268974
158,511732bbe4b066680f965200,Jatujak,Thai Restaurant,43.688420506662354,-79.2700732547006
159,4b5336b0f964a5208f9227e3,Carload Food Market,Grocery Store,43.65014972066626,-79.480453552114
160,5c602f6546e1b6002cd66c2e,Flame Food+Design,Restaurant,43.65123413474433,-79.47518549859524
161,5c6b9a1d180b91002ca9f0a2,Flame Food+Design,Turkish Restaurant,43.651239956920556,-79.47518482804298
162,5e111a51d10c3d00089f0814,Salsa - Venezuelan Street Food,Venezuelan Restaurant,43.657468,-79.488555
163,4b5f5a2ef964a520aeb529e3,Global Pet Food,Pet Store,43.65248625779149,-79.47046408794637
164,4bf2e6756991c9b662a329e9,Foods For Life,Miscellaneous Shop,43.65152455426455,-79.47465367917655
165,4b705534f964a52067132de3,Peach Tree Health Foods,Miscellaneous Shop,43.651013,-79.476935
166,4be48975d4f7c9b6674a2420,Alfredo's Fine Foods,Grocery Store,43.65860455790818,-79.48807954788208
167,4c5f4461cd522d7f0aaecb3f,Second Nature Natural Foods,Food & Drink Shop,43.6515012825396,-79.47453582197366
168,4c17e82f6a21c9b6e73ac897,Lucky Dollar Food Centre,Flower Shop,43.68184691967771,-79.4260673316638
169,514e1bc8e4b08735d215daea,ossington pet food,Pet Store,43.67390830680199,-79.43124422636406
170,4b16df8ef964a520c4be23e3,Evergreen Natural Health Food,Food & Drink Shop,43.68296541864063,-79.41870841166664
171,4b104338f964a520946c23e3,77 Food Market,Miscellaneous Shop,43.667215,-79.431718
172,4c01428f94c1c9b6effbba5f,Bari's Fine Food,Grocery Store,43.68304761504901,-79.41882358753256
173,4bae3764f964a52081933be3,urban fare catering & food shop,Restaurant,43.681292,-79.417522
174,5da0a57aeff8f4000809ee74,Moberly Natural Foods,Organic Grocery,43.681815,-79.425849
175,59120aff3fcee8711dd46a2b,Forbes Wild Foods,Warehouse Store,43.67082,-79.433407
176,4ca9d76ba643b7130a95e9a6,Gerry's Fast Foods,Caribbean Restaurant,43.68155604279223,-79.42683673993571
177,4be9a20f61aca593c1c98200,Etherea Natural Foods,Gourmet Shop,43.67378397462999,-79.43327203894079
178,4c4baeec6e209521135714ec,Albert's Real Jamaican Foods,Caribbean Restaurant,43.683060971578726,-79.4206932229474
179,4e45c8d162e148603b6a2b3f,Hardy's Foods,,43.67847,-79.4361
180,4d15135b302da1cd7376ad93,FV Foods,Grocery Store,43.68281,-79.420947
181,50fc87bae4b0aa46bc15f052,Manila Foods,Filipino Restaurant,43.682887362011655,-79.41995580357634
182,4aff644ef964a5201b3822e3,Sues Thai food (vickys),Thai Restaurant,43.6516944636039,-79.4511563870509
183,4c707c1dfa49a1cd8069a6e3,Food Galore Grocery Store,Grocery Store,43.6499,-79.435654
184,507083c3e4b0dc1abff9061c,The Westend Food Co-op,Non-Profit,43.649763,-79.434142
185,5252b86311d2a4ea960a1c0a,Food Benders,Gourmet Shop,43.659694325652154,-79.43678498268127
186,58b9d531735a4d22f81fb468,Baraka Halal Food,Grocery Store,43.653615,-79.451172
187,4b8ac4e2f964a520c17f32e3,Evergreen Natural Foods (Roncesvalles),Food & Drink Shop,43.64407012130999,-79.44815660208279
188,4bdc82c4afe8c9b64bc54f85,HolyLand Food,,43.65106497916869,-79.45082806054978
189,4c640c23e1621b8daf612753,Fine Food Market,,43.6532722,-79.42787514
190,4ba930acf964a520d7123ae3,Dufferin Mall Food Court,Food Court,43.654756108829325,-79.4354193820656
191,4c28b55497d00f47443a40ea,Galley Food Mkt.,,43.64244365134551,-79.44759185023291
192,4b8055ebf964a520296930e3,Qi Natural Food,Food & Drink Shop,43.64581683069303,-79.44881046692572
193,4b217ce9f964a520a63c24e3,FoodShare,Office,43.65849479040778,-79.43853644958978
194,5047924ee4b0eef419c67c16,Fidel Gastro,Food Truck,43.65508680161822,-79.44563578333926
195,599338496a5950154df944f3,Mavros Foods & Distributors,Distribution Center,43.654026,-79.443355
196,4e29ec9e52b1b8f19850d34b,S&H Health Foods,Shop & Service,43.6568994,-79.4355343
197,51a94bf9498eb42cf80aec74,Senisi Fine Foods,Café,43.65270921733072,-79.43184872800887
198,4b740c7af964a5206ac52de3,McDonald's,Fast Food Restaurant,43.65593848903321,-79.43553976650219
199,5ab48bf0efa82a61cc465a85,Tavora Foods,Supermarket,43.659594198287465,-79.44400012493134
200,4edd5b71e5fa78b171b07919,Stasis Local Foods Home of Stasis Preserves,Gourmet Shop,43.65325927349571,-79.45168282495494
201,4ad9c3cdf964a520b01a21e3,Food Basics,Supermarket,43.66794092020694,-79.37208428979602
202,4c41d9886c1a952135acb96a,Allan Gardens Food Bank,Building,43.66293556940227,-79.37265872955322
203,50709dc5e4b0e0df92ac8347,Westown Chinese Food,Chinese Restaurant,43.66615598359015,-79.37461234240827
204,4b98a67cf964a5201d4a35e3,Sam's Food Stores,Food & Drink Shop,43.65805476980864,-79.37050684524527
205,5930de5f67af3a528dec210b,Sam's Food Store,Convenience Store,43.662286,-79.358434
206,50142ee1e4b0f16433576915,Kullubi Food and Spice,Market,43.65783994060898,-79.36809596734008
207,59ea346cd48ec136ca110218,Brown Food Truck,Food Truck,43.66421393175442,-79.3758000879857
208,4be738eecf200f47af70153c,Tasty Food,,43.65739105955245,-79.37339708696145
209,5ddc641a12e81b00086fbd05,Fleets Food,Food & Drink Shop,43.660844,-79.37913
210,4bae888ef964a520b1bd3be3,Church Fine Food,Miscellaneous Shop,43.660585,-79.378992
211,51c9d4a1498ef79c1a4c08ff,Foodbenders,Sandwich Place,43.66538377975235,-79.3683049383759
212,4afeb2f5f964a520fd2f22e3,Rabba Fine Foods,Grocery Store,43.65995917961373,-79.3758000879857
213,4b72f18bf964a52031912de3,Thai Bowl,Thai Restaurant,43.66225,-79.37877
214,5c49f873b6b04b002c591ccc,Fleet Foods,Food & Drink Shop,43.660955,-79.378767
215,583b47e183622d31849045f5,Pusateri's Fine Foods,Gourmet Shop,43.722748,-79.415507
216,5175e0e1e4b005c5ca6429c9,Johnvince Foods,Factory,43.724065,-79.430548
217,4bfc6884b5cd2d7f948f31fb,The Stop Community Food Centre,Food Service,43.67065924345642,-79.45405316869297
218,597a14e63149b944da6ff998,Food Basics,Supermarket,43.6668856311364,-79.44669127467023
219,4ebc6372e5faed97be9476a0,Big Bee Convenience & Food Mart,Convenience Store,43.672366086294154,-79.44658708170302
220,4c06ea113cbed13a36dc0bc0,Eduarda's BBQ Poultry & Food,Portuguese Restaurant,43.66546823267374,-79.45254198998916
221,5dacba9742d2390008f124e8,Colombian Street Food,Latin American Restaurant,43.665205,-79.453099
222,4f88c388e4b09582a1bca4f3,Greenlaw Food Mart,Convenience Store,43.67486228434558,-79.44706987015975
223,4bea0122b3352d7fb7c054d2,Westown Chinese Food,Chinese Restaurant,43.66454305245433,-79.45939879711148
224,4f91e786e4b02c276e9dfc61,Lucky Food Market,Convenience Store,43.665571,-79.443067
225,514b1025e4b06366e4ceabf9,Summer Kitchen Fine Foods,Office,43.666335,-79.450204
226,4d4d946da7f86ea8993638de,Tavora Foods,Fish Market,43.6748679349008,-79.4565586669527
227,4da6e8effa8ca9942850dc92,June Harlowe Foods,,43.679276,-79.448963
228,4f1f52dee4b053ed99e92fdb,Ko Foods,Grocery Store,43.66549621190266,-79.46396403611945
229,4b041736f964a520525122e3,Food Depot,Grocery Store,43.67573116433503,-79.40273908236422
230,4e259ae6091a817e3dd6a6bb,Olga's Health Food,Pharmacy,43.68830994794995,-79.4127631187439
231,4c2bb3e18ef52d7fe5cd31ba,Bathurst Food Mart,Food & Drink Shop,43.68549019287215,-79.4192309181706
232,526d3802498e6e8a2fc8fb4d,Global Pet Foods Dupont,Pet Store,43.67550441149004,-79.4034383625504
233,4b4b68ddf964a520879a26e3,Global Pet Foods,Pet Store,43.67557973121582,-79.40338561960981
234,4deea56d7d8be635ea6819dd,Yonge Eglinton Centre Food Court,Food Court,43.706813679306705,-79.39846342637648
235,573e4cf6498e5c51f2319149,Noorden Food x Bar,Restaurant,43.702814301684576,-79.3976454868861
236,51756da6e4b0480d3fdce91b,King Jamaican Food,Caribbean Restaurant,43.706232,-79.401113
237,4e53e8653151427f74319e92,R.M.F. Filipino Food Mart,Convenience Store,43.70385518175827,-79.39769983291626
238,4ae1df6cf964a5203b8821e3,Global Pet Foods,Pet Store,43.7012656881478,-79.39711495014461
239,5e27ca3c6fe2f800083d4106,Food-Eaze,Business Service,43.69481089025842,-79.40203428268433
240,4bf5c3195e800f47372be6d4,Friends Fine Food & Groceries Ltd,Grocery Store,43.697657,-79.395833
241,517adc9be4b053371ec02d9e,Ritz Caribbean Food,Caribbean Restaurant,43.706485581889645,-79.39976278634985
242,53279484498e7a49c269c4be,Marni Wasserman's Food Studio and lifestyle Shop,Vegetarian / Vegan Restaurant,43.70369169695958,-79.41349758873382
243,4c191701834e2d7f24db2980,Chinese Food Gallery,Chinese Restaurant,43.70334736873612,-79.41464635957847
244,4bede5f8767dc9b68cacd3e9,Family Food Fair Convenient Store,Food & Drink Shop,43.702719709452964,-79.41676247895792
245,5239e9808bbd70cc8230a05c,Duckee Asian Food,Asian Restaurant,43.70326571547134,-79.41458702087402
246,4bcf82d577b29c7472418982,Erskine Food Market,Residential Building (Apartment / Condo),43.71127596212359,-79.39838085137286
247,55ce20c1498e381605917096,La Novela Food Truck,Food Truck,43.71174047487951,-79.3961433640995
248,4b969796f964a5200ed734e3,Healthway Foods,Grocery Store,43.70459,-79.397684
249,502e3a9e90e75889381c35ef,Ritz Caribbean Foods,Caribbean Restaurant,43.70914460669206,-79.40349340438843
250,4dd70fb3e4cd37c893a2fae1,Oko Fine Foods,Deli / Bodega,43.703709,-79.412815
251,4bc09f104cdfc9b6241b9321,Global Pet Foods,Pet Store,43.70408990605873,-79.4109011839481
252,53442a89498e83b8b75d1454,Yonge Eglinton  Foodcourt,Restaurant,43.70825958251953,-79.39429473876953
253,502db1d7011c4f40e03d5a37,Ritz caribbean foods,Caribbean Restaurant,43.711595267049525,-79.39701318740843
254,5b377b14c0f163002cfcd875,Decadent Catering & Fine Foods Inc,Food Service,43.70117151205338,-79.41682934761047
255,4b425a51f964a5202cd225e3,Noah's Natural Foods,Food & Drink Shop,43.70998028558085,-79.39903038319292
256,4b7b4021f964a5208d5a2fe3,The Empire: Middle Eastern & East African Food,Middle Eastern Restaurant,43.66085492889121,-79.43090550383728
257,4ba5940cf964a520da1339e3,African Palace,African Restaurant,43.66116,-79.42904
258,5121b60ae4b0781de5e7ce84,Arora Foods Market,Market,43.6613980275076,-79.42801831870273
259,4cbc732b035d236ac1a2e54e,Saha Mediterranean Fast Food,Mediterranean Restaurant,43.658497,-79.386035
260,50f2064de4b0403bd6e3ddc1,World Food Market,Food Truck,43.65737802426023,-79.38132070548085
261,4f6b4904e4b0d8154bf53aa5,10 Dundas East Food Court,Food Court,43.656252123471795,-79.38089937560068
262,5f678eb056f5fc47d30fd86a,372 Food Hall,Food Court,43.658455,-79.38211
263,50d75f63e4b0487c3c583930,Food Court,Hospital,43.65877914428711,-79.38488006591797
264,4c47839b417b20a1a1ebdda9,Fine Food Market,Grocery Store,43.65848024846125,-79.38493862088212
265,5924a4558d0a535892fd448c,Food Society,Coffee Shop,43.657219,-79.384412
266,4c6f153cb5a5236aa2324c52,Plaza Latina Food Court,Food Court,43.65796287648702,-79.3832121560943
267,50521882e4b0506022e261df,Fine Food on Bay,Convenience Store,43.656687562764496,-79.38463621695573
268,4ffd9f68e4b09e05b2beb915,Five Hole For Food Toronto,Event Space,43.65617635335032,-79.3803364760689
269,4bca0a3db6c49c743f978f91,Specialty Food Shop,Food & Drink Shop,43.65731912655022,-79.38784164830074
270,4e26052e315161d79d2a8203,30 Minutes or Less Food Truck,Food Truck,43.656423484372766,-79.37989659361952
271,52178e9a11d2f50a893eef59,Localista Food Truck,Food Truck,43.65734811927735,-79.37872539641033
272,508041a6e4b0921f5acaeda6,Toronto Food Cart Lot,Food Truck,43.65616451344761,-79.38048493592395
273,56eaa40a498eff8f02e378a0,Mount Sinai Hospital Food Court,Food Court,43.65752,-79.390493
274,4f76325ee4b0294fd2fb14f6,Banahan Food Mart,Filipino Restaurant,43.702569649912284,-79.2969139991551
275,53600f4f11d2c448b08d22c6,Mike's Family Food Fair,Convenience Store,43.699523,-79.29788
276,5ef14433855630000823efa6,Global Pet Foods,Pet Store,43.72470474243164,-79.23137664794922
277,4e73b562b993272e52515c05,East Gate Chinese Food,Chinese Restaurant,43.705071055305815,-79.2524685715159
278,4ed2db51a17c6864e57bb16c,Riverside / Leslieville Food & Cultural Walking Tour hosted by The Culinary Adventure Company,Food & Drink Shop,43.658953791481096,-79.3496991723634
279,53f372c5498edcd51267887b,Bestia Food Truck,Food Truck,43.653253,-79.362648
280,5738f9cf498ee39bacd9da72,Toronto Food Tours Inc.,Tour Provider,43.65921780000001,-79.34782860000001
281,50d1d12be4b0d74e4b71fe0d,Beyond Food,Restaurant,43.65309417889566,-79.36537930101699
282,4b28f892f964a520c89624e3,Select Fine Food,Miscellaneous Shop,43.652951,-79.368864
283,5b881e803abcaf002cb9f955,Foods88,Vietnamese Restaurant,43.65149,-79.368252
284,4af4c390f964a520e7f521e3,Rabba Fine Foods,Grocery Store,43.650428577079424,-79.36817020705263
285,55c24177498e7de0a7d00cca,Front Street Foods Tasting,Coworking Space,43.657052,-79.345149
286,4c0d7fb9336220a151d7ca77,Royal Foodland,Grocery Store,43.64923846261023,-79.36418592243415
287,57100941498e7d9ef7cd2277,Galaxy Fresh Foods,Grocery Store,43.66571,-79.35181
288,4bef4478f2712d7fdc91fbd8,Daily Food Mart,Grocery Store,43.69823091637918,-79.39002435703748
289,4c85761bd8086dcb22609252,Kitchen Food Fair,Smoke Shop,43.70154362499999,-79.38750725
290,59108a7535dfa7482b18229d,Toronto Public Health - Food Handler's Certificate,Government Building,43.68876,-79.392457
291,5de6a0df406ff00008b31ee6,IQ Food Co,Salad Place,43.68837,-79.394353
292,4f52a851e4b0639bb989b59c,Global Food Bar,,43.70593540251734,-79.38960101453205
293,51f947a2498ee3ee369d4875,The Bowl Korean Food,Korean Restaurant,43.68855857485344,-79.39385634325662
294,4cddd6e7aba88cfa63703dd7,Bruno's Fine Foods,Gourmet Shop,43.689800054056796,-79.3992054644729
295,5e541017e0e2d60008349e66,Mason’s Fine Foods,Grocery Store,43.705911,-79.389405
296,4bca47dcb6c49c749e3c9091,Kenpik Fine Bulk Foods,Food & Drink Shop,43.704231301118675,-79.38772069064323
297,4bc35bb8b492d13a51a0a860,Maple Leaf Foods,Office,43.688365,-79.395226
298,4bc0be95b492d13accc8a460,Bruno's Fine Foods,Grocery Store,43.68987143802307,-79.39487463645405
299,4ba91ff5f964a520640d3ae3,B&B Fine Foods,Café,43.68521251420406,-79.39347150245842
300,4f147d1ce4b03f4c02b6f273,Atrium On Bay Food Court,Food Court,43.65616874431004,-79.38335155935708
301,4c9bc2ed0e9bb1f7f8a7cd5f,JC Food Market,Grocery Store,43.64921175406505,-79.38691641682182
302,4e6a4257d164c37bf47f27b8,Food Cabbie Food Truck,Food Truck,43.653426230191904,-79.37476081143815
303,599754ec603d2a6715c53758,Green Republic Food Co.,Seafood Restaurant,43.65442,-79.38711
304,5e1c631cccdfcf000770daa8,Nature's Alternate Health Food,Health Food Store,43.65396273281939,-79.3873143196106
305,5dab8315db235600087b2d3d,Village By The Grange Food Court,Food Court,43.653725,-79.39084
306,4cb8d708352ebfb7c65b8cf2,New Thai Food,Asian Restaurant,43.653646,-79.39033655555555
307,59a04c33e679bc4d9c63064b,The Bowl Korean Food,Korean Restaurant,43.653371,-79.390997
308,4c15280ea5eb76b0c4d9c2b7,Tasty Chinese Food,Chinese Restaurant,43.65375663396815,-79.39075710760176
309,552696c5498eb8bd3c88ee7f,Green Box Fresh Food Bar,Sandwich Place,43.650437581817954,-79.38861137514365
310,50fa10fae4b0aa46ab41e94b,Global Food Bar,Tapas Restaurant,43.65078813450748,-79.38983192886607
311,54ee1726498e496154bf9103,Kal & Mooy East African Food,African Restaurant,43.6500203103337,-79.3905741496072
312,52a29ea7498ef1fbb987dc11,We Got Balls Food Truck,Food Truck,43.64995179137779,-79.39079956361627
313,51a62c4a498e613774c00562,Shops at Sheraton Food Court,Food Court,43.65156865044002,-79.38306919896769
314,4c787c9181bca0936180fa14,Classic italian style pizza food truck,Food Truck,43.652144,-79.381118
315,4cfd26bad7206ea836be4769,Oxford Food Court,Food Court,43.650564,-79.383473
316,4bf2d64f98ac0f47de3262a8,Fairview Mall Food Garden,Food Court,43.77836930887007,-79.34321606591291
317,5ae9fca6c97f280039eb151e,Food Allergy Canada,Research Station,43.77433,-79.33839
318,4f2c1975e4b05a27ba04efae,Canadian Health Food Association (CHFA),Office,43.7719577623612,-79.33875286262828
319,4cf08db6e3b9a09394843953,Foodland - Toronto,Grocery Store,43.773951,-79.340148
320,4ae1aee0f964a520be8621e3,Spring Rolls,Asian Restaurant,43.777350695180374,-79.34397727347279
321,55cd473e498e7647e23e90f9,Reinhart Foods,Factory,43.77194602487055,-79.33738231658936
322,4ffb3c91830284672fd341b5,Don Valley Health Foods,Miscellaneous Shop,43.78624579784253,-79.35171604156494
323,4c8bf67c509e3704d8032f55,Marcy Fine Foods,Restaurant,43.774694165451784,-79.33105090700177
324,5dbc9b22e60e5d0009bf5de0,Kitchen Food Fair Convenience Flowers,Convenience Store,43.79425,-79.353516
325,58c104071d21ba76682e7767,M&M Food Market,Grocery Store,43.79628981778644,-79.34685821387785
326,4be7209d2457a5931695ad15,Food Basics,Supermarket,43.74605612302727,-79.2881415635361
327,4edd00541e17ed0047d52bd1,M&M Food Market,Grocery Store,43.75063772195041,-79.27652148521906
328,5febba6d14d53c1e12bf5372,Motherland Foods,Grocery Store,43.75782571132075,-79.27842736244202
329,4cf14c49cc61a35dde01149e,Jesse Jr. Filipino Foods,Asian Restaurant,43.74913222166638,-79.27510038619766
330,5129050fe4b092e6efde723d,FV Foods,Asian Restaurant,43.74565821464605,-79.29248794140678
331,4b62335cf964a520bf3b2ae3,Mediterrania Food Store,,43.660575,-79.432586
332,5175e1d5e4b0a51b8e87e551,Johnvince Foods,Factory,43.757965556622715,-79.46530994171788
333,4dbdbc5993a08f9274dcd07a,Johnvince Foods,Grocery Store,43.75898092004202,-79.46961711564155
334,4ef8f54802d5abdcbcae4965,Yonge & Eglinton Food Court,Food Court,43.649614303788645,-79.42092312277731
335,5042aa6ce4b0711880f87242,First Choice Portugese Food,Portuguese Restaurant,43.64955085110921,-79.42017015359258
336,4b892ecdf964a5206b2132e3,Sak's Fine Foods,Food & Drink Shop,43.681898379568786,-79.46246978311659
337,4bd47c194e32d13abf2fbf80,Danforth Food Market,Caribbean Restaurant,43.689148,-79.29756216
338,5ad771df9e0d547bcee01f30,Canadian Food Safety Training,Adult Education Center,43.68872888432795,-79.30137634277344
339,5197d055498e9da4856d626b,Good Food on Main St,Coffee Shop,43.6829876317906,-79.29991333232532
340,4e640fcdaeb7360315a0abe3,Beach Food Mart,Deli / Bodega,43.680713,-79.299028
341,5b82eb3501bc5a002ce55ebb,The Big Carrot Natural Food Market,Grocery Store,43.67873,-79.297478
342,4e67f67314952e0a131e568e,Nature's Health Food,Grocery Store,43.68957617076368,-79.2907994639117
343,4c0b02df7e3fc92833b6f482,Yes Food Fair,Grocery Store,43.681724536635606,-79.31050307922938
344,4d39da7d979ea143c9108afc,Wing Wings chinese food restaurant,Chinese Restaurant,43.69089695776476,-79.29008946944775
345,4c02c6b2f56c2d7f4bf01b66,M&M Food Market,Grocery Store,43.68958103622805,-79.29015124581889
346,4ad4c062f964a52011f820e3,The Big Carrot Natural Food Market,Health Food Store,43.678879,-79.297734
347,4b74afe9f964a5206eec2de3,Saks Fine Foods,Restaurant,43.683966939245316,-79.30011145002373
348,56b82a8e498e61baf2f8c299,FoodFams,Cantonese Restaurant,43.68443076843485,-79.31236267089844
349,5818ca9138fa59db191af649,Ritz Caribbean Foods,Restaurant,43.69071491326582,-79.28902745246887
350,52c9a8d1498e5a86a481c361,Moberly Natural Foods,Health Food Store,43.685482,-79.313882
351,51b62908498e15f0d3a11937,Tim Choi Chinese Food,Chinese Restaurant,43.7451926801492,-79.22028561422171
352,54c26988498e9fdb2df6772b,Mr Dairy & Food Distributing Ltd,Cheese Shop,43.748434768751096,-79.52074330555723
353,4f3d8040e4b01701e85a9107,Cactus exotic foods,Caribbean Restaurant,43.75745307335728,-79.5175817043565
354,4c0c3be8009a0f475763ecbf,Jade East Chinese Food,Chinese Restaurant,43.75297474770287,-79.51611557095578
355,4bfc6ce0da7120a111134afd,Phoenix Restaurant Chinese Food,Chinese Restaurant,43.7543751219911,-79.52481216423945
356,560bd884498eb84d6948cb9f,Mr. Dairy & Food Distributing Ltd,Business Service,43.748451652301114,-79.52043771743774
357,54c1581a498ed093fa76f70a,Mr Dairy And Food Distributing Ltd,,43.7484703,-79.520668
358,5090712be4b0aaac8be01615,Tastee Foods,Caribbean Restaurant,43.75784,-79.528732
359,4f21a980e4b0a021586e8c17,Caplansky's Food Truck,Food Truck,43.64440688206136,-79.38894675412227
360,58a35be11470b00357e88f5f,MetroCentre Food Court,Food Court,43.64615989843926,-79.38699978297308
361,5bfed453894eac002ce0fde5,Union Food Court,Food Court,43.644596060712175,-79.3811995633232
362,4d7516ead0c737040cb5f917,First Canadian Place Food Court,Food Court,43.64901226735318,-79.3819272703143
363,5346c98a498ed612110d0f60,iQ Food Co,Salad Place,43.642851,-79.382081
364,4d756edfbf4fb1f74fe8722a,iQ Food Co.,Fast Food Restaurant,43.64710700159061,-79.3824148923304
365,4b607090f964a520fae529e3,Toronto-Dominion Centre Food Court,Food Court,43.64693866306269,-79.38251840223292
366,4f68dc51e4b04bea43fe4c28,Simcoe Place Food Court,Food Court,43.64489612327054,-79.38630188290752
367,4c37f9493849c92867cfbeb1,Mike's Food Cart,Food Stand,43.646237283269244,-79.38937559753863
368,520bda0711d2d26b58edd96f,Food Court,Fast Food Restaurant,43.646002480609006,-79.386780514369
369,4c6f1556b5a5236a1a334c52,M&M Food Market,Grocery Store,43.64352391242603,-79.39144281520701
370,5d4ef76cffde790008c5cdb4,Sweetery Toronto Food Festival,Street Food Gathering,43.646343,-79.38723
371,51c64389498e2ccd0ad7625f,The Feisty Jack Food Truck,Food Truck,43.64610913574585,-79.38614822670712
372,51b4c4fa498e20833314cd72,Classic Lobster Rolls Food Truck,Food Truck,43.639366089579866,-79.39769366816947
373,55f303ca498ef2e5e55e6f2a,TIFF Food Truck Village,Food Truck,43.6472250235324,-79.38652210167268
374,4e35c8a57d8b0c62b2d88cb7,Angie's Food Truck,Food Truck,43.643638,-79.385042
375,4dc5cf46d164eb9c9ff9b224,Dog 'n Roll Food Truck,Food Truck,43.64483255364399,-79.38537298115668
376,4d8b77c76daeb60c81427ae0,Choices Food Pavillion,Fast Food Restaurant,43.646768,-79.384125
377,58cd59a901f4330cc3494dca,comic con food court,Food Court,43.64258,-79.385149
378,4f60cc86e4b006673b12eac8,Commerce Court Food Court,Food Court,43.648057191161584,-79.37899641874365
379,4faab039e4b04bd0be8fa75b,Food Court,College Cafeteria,43.651418361625836,-79.37077955956248
380,4c17c23a6a21c9b6b901c897,Ying Ying Soy Food,Chinese Restaurant,43.64899366575782,-79.37149443782867
381,56df0683498e7d0423e91b5b,iQ Food Co. (First Canadian Place),Salad Place,43.64835708519922,-79.38219241858727
382,545d12cc498e8340b096d745,K&K Food Stand,Vegetarian / Vegan Restaurant,43.64771535268041,-79.38156263736568
383,4b5f5827f964a5203ab529e3,Exchange Tower Food Court,Food Court,43.64921606678343,-79.38370545954722
384,4cd96e8da99d3704bc090bce,CP Tower Food Court,Food Court,43.6468992603601,-79.38262383111962
385,4bdb78f83904a593d1a94a9e,Esplanade Food Market,Grocery Store,43.646695,-79.375292
386,5d51ece230bd49000831fb5c,Union Food Court Washroom,Public Bathroom,43.644417,-79.3812
387,4f3e3146e4b0a4b0828c96ba,Live Food Bar,Vegetarian / Vegan Restaurant,43.64567926848854,-79.37633896753167
388,50bd1248e4b0382138bdd292,iQ Food Co,Fast Food Restaurant,43.64748168603231,-79.37910417362639
389,4bcca562fb84c9b6e7c2203e,Total Convenience Food Market,Food & Drink Shop,43.649342,-79.373803
390,5350078711d24a879568dd71,iq Food,Salad Place,43.6432589073914,-79.3820025119003
391,53e26284498edef331bd5f5b,purgatory food truck,Burger Joint,43.651459,-79.37383
392,5e29e6a0cc49c200087fc441,Uncle Ray Food & Liquor,Southern / Soul Food Restaurant,43.647528,-79.373438
393,505c7c30e4b071a17ec2678f,Hawthorne Food and Drink,Gastropub,43.652270129568336,-79.37631758327606
394,50df5254e4b08db597913a43,Downstairs Food Court,Café,43.648903098769516,-79.37223130657826
395,4cfc03d5c51fa1cd42cae92b,Sunny Foodmart,Grocery Store,43.71440700906993,-79.33370230230358
396,4c4b43e5712ac928403eaa6c,Food Building,Food Court,43.634856906154816,-79.41966874859467
397,56e9fad5498e7897f4d1abef,Kitten Food Timez,Snack Place,43.636938137476285,-79.40579111034934
398,521a668211d28b06227fd94f,Food Network Celebrity Stage,Theme Park Ride / Attraction,43.63499260097557,-79.41360202303792
399,5a00d4f8364d97702615e761,The Royal Food Court,Food Truck,43.634893,-79.412533
400,502c350be4b095cd556f5f65,Food Dudes,Food Truck,43.633904928441005,-79.41933473533166
401,526a9a9d11d252fb6a378217,FoodShootr HQ,Restaurant,43.637455,-79.417989
402,5231dded11d247a17e523105,FoodShootr HQ,Tech Startup,43.63748869352714,-79.41791670543373
403,57a7b7ec498e618a8a77a917,Paramount Fine Foods,Middle Eastern Restaurant,43.637684,-79.41686
404,4c45db9136d6a593e9746ca8,Zast Foods,,43.638052,-79.417787
405,57aa656f498e05909e3b4f45,Paramount Fine Foods,Middle Eastern Restaurant,43.638436,-79.417317
406,57ad1389498e56ab782d2d8e,Paramount Fine Foods,Middle Eastern Restaurant,43.63847869168478,-79.41758369981174
407,4b1d8bb9f964a520fc1124e3,Global Pet Foods,Pet Store,43.63967406540284,-79.41888650617419
408,53bd7c32498edb365a11df6b,Toronto Food Truck Alley,Food Truck,43.65289524874773,-79.3727922027441
409,580bcb8838fa67f3bdc07d80,Peter's Natural Health Food,Health Food Store,43.648796,-79.371805
410,536fb093498e736d845b33d9,Eat Real Food,Vegetarian / Vegan Restaurant,43.709294202183216,-79.44370714856687
411,4fd50899e4b06a2d8dcf4842,Lawrence Square Food Court,Food Court,43.717020075306216,-79.44724020082508
412,4d56aef6b4deb1f749d5137a,Villa Bulk Foods,Food & Drink Shop,43.709481,-79.44416
413,4de5020ed164df85753725bd,North York Harvest Food Bank,Building,43.71799285998511,-79.43975084814289
414,4dad80724df0522cc55b25fe,Toben Food By Design,Office,43.70143,-79.453187
415,4be1ab81edbb0f476c42a615,Albert's Real Jamaican Foods,,43.712645,-79.436557
416,4d7e2738564b8cfadb0bec64,Lady York Foods,Grocery Store,43.709445370032775,-79.45297906087649
417,4ba775b8f964a5209a9539e3,Kraft Foods,Office,43.75940737279409,-79.35072966632025
418,4f7c9221e4b0c637fb163412,Youngs Food Mart,Convenience Store,43.75963,-79.198327
419,55baa969498e994ab6c824f0,Muddy Paws Pet Food & Grooming Salon,Pet Service,43.747378,-79.199494
420,55f6fe07498ecab725a5598f,Ritz Caribbean Foods,Caribbean Restaurant,43.75169874106458,-79.20416797165485
421,4f2f54e9e4b0d411bd081cef,Food Junction Ramen Store,Food Truck,43.637929,-79.383499
422,57b638a2cd1076ffa134cfea,IQ Food Co.,Salad Place,43.63943,-79.384233
423,4f43cce3e4b09d14bce57d70,The Toasted Tangerine Food Truck,Food Truck,43.642946328861136,-79.37616850597342
424,558addbd498e8c56798f4d1c,Waterpark Place Food Court,Food Court,43.641303840820875,-79.37815440673397
425,4d5c32c2775f8cfaa3ffb2e0,York Quay Fine Foods,Grocery Store,43.640301769490776,-79.37948970049351
426,4b263eb4f964a520827924e3,Geosoft,Office,43.63984493110626,-79.38110626532718
427,4bdf7ce717fdef3bc4c34e36,Vital Planet Natural Food Market,,43.647454014124115,-79.37069157416404
428,572786cb498ee1e6442ba9fc,Fast Fresh Foods,Salad Place,43.64130205858261,-79.37808879404564
429,4b9e6c63f964a5206fe236e3,Rabba Fine Foods,Convenience Store,43.63906132458212,-79.38530912453628
430,5d5c29a46fc6bf0008b3a905,Foodland - Burford,Grocery Store,43.649221,-79.376891
431,4ad4c062f964a52000f820e3,Queen's Quay Terminal,Office,43.63831769002353,-79.38041263300326
432,4ad90ba1f964a5207b1721e3,Rabba Fine Foods,Grocery Store,43.643355056000225,-79.3911576408206
433,4c771e2a59a3236a1204c118,The Poutine Machine,Poutine Place,43.643666,-79.39171
434,4f0dca9de4b0c6e4666909b8,El Gastronomo Vagabundo,Food Truck,43.650790131797834,-79.38007254685002
435,4b7d777df964a52043c02fe3,Sauté Rosé,Italian Restaurant,43.646547314182634,-79.38402865696358
436,59ac47f8d3cce861055ac70c,Nations Fresh Food,Grocery Store,43.67275438944586,-79.47084956859472
437,5669ab0f498eede0b8046eda,The Food Group,Photography Studio,43.67469213409582,-79.47955335696462
438,4d98d5ad2bd6f04d0ec77150,Island Food,African Restaurant,43.67468392008449,-79.46818297212795
439,58e159586f20d10582c34615,Pita Pit Healthy Food,Gluten-free Restaurant,43.673644,-79.468886
440,522d27fe498e3f228630d647,Lucky Chinese Food,Chinese Restaurant,43.68105682248026,-79.46926514190615
441,4ecc2fe882319a184b4ddd49,Welcome Food Mart,Grocery Store,43.66970140136457,-79.48349146580819
442,5840b3918d8e996767e12022,Food Basics Pharmacy,Pharmacy,43.77198749999999,-79.36168119999999
443,4bead0896295c9b680dc8608,Gardens Food Produce And Groceries,,43.656644736497725,-79.46743038968225
444,4c5f93ce832fa593bfffedd3,Garden's Food,Food & Drink Shop,43.65311589276982,-79.46770817568816
445,5529b34f498e37eed8a296d0,Annette Food Market,Italian Restaurant,43.662456516546676,-79.4709790090443
446,58a5c2b94f417a549f23f181,Leela Indian Food Bar,Indian Restaurant,43.665326029741365,-79.47330594062805
447,5be9d075d1a402002ca796fd,Maiz Latin Food,Latin American Restaurant,43.665299,-79.466181
448,57b9bbcf498ef0c32713d8e1,Dirty Food Eatery,Breakfast Spot,43.66551362745244,-79.47198047941576
449,582fdaeded0a3259e684ef8e,Rabba Fine Foods,Convenience Store,43.65408229951796,-79.46340677360011
450,4d99efd19079b1f7065e4d0a,Optimum Natural Foods,,43.66549861443323,-79.4650956968412
451,4b96b844f964a5202be034e3,Snappy's Food Mart,Miscellaneous Shop,43.79026824761087,-79.17370246989348
452,4d51bece9ffc236ad01826a7,Sam's Food Store,Deli / Bodega,43.68944002140359,-79.43570095891785
453,4fc0ec89e4b07ac9fc6cc5a6,Milvan Fine Food Inc.,Food Truck,43.75255249409724,-79.56383686009148
454,51521f2de4b0c4e38a79df0f,Rabba Fine Foods,Convenience Store,43.75919983504418,-79.58301923378089
455,4e285a0b483baa865154b00d,Ready Bake Foods,Bakery,43.75369796198942,-79.56059916055669
456,52d0184d11d2cdce009996fb,Ready Bake Foods,Office,43.764315,-79.56019
457,4e31c7131495a9fd30d27e31,Bona Foods,BBQ Joint,43.75956053760962,-79.55709792517365
458,4e96e515cc21310d905e01c1,Fiera Foods,Bakery,43.71894579794069,-79.5259211134858
459,5127aa64e4b052ff68a4a906,Gay Lea Foods,Factory,43.72295381965795,-79.52562466302724
460,5179d10ce4b0e42782c459bb,maple leaf foods,Factory,43.724388122558594,-79.52598571777344
461,50c51f4ce4b0e0fa35c92f1f,Al Premium Food Mart,Supermarket,43.7305171574657,-79.28517963708036
462,4b7fadd9f964a5201a3930e3,Happyland Pub and Fast Food,Bar,43.73094304567212,-79.27515238523483
463,4bc8979d0050b71351aeba3b,Vienna Fine Foods,Deli / Bodega,43.733638786308916,-79.27929783335928
464,4fa452ace4b0bbcd491aaf51,Marsan Foods,Storage Facility,43.73241023120239,-79.2815911327347
465,4b94043ef964a520a06134e3,Cathy Food Market,Food & Drink Shop,43.656198305413184,-79.45419788360596
466,54ff0279498e6432e8538b8d,Enigma Coffee + Food,Breakfast Spot,43.65634578817871,-79.45320010185242
467,4bdb864a3904a59390f74a9e,Yummy Yummy Chinese Food,Chinese Restaurant,43.66554427362536,-79.49904451670567
468,4c785dc83badb1f7e0af4b54,Dundas Food Mart,Candy Store,43.658841,-79.50293362140656
469,4d1630ec81cea35d3427dfec,Wei's Taiwenese Food,Taiwanese Restaurant,43.78996974670163,-79.30242004048762
470,5c9a4e91829b0c002cac1de5,Bridlewood Mall Food Court,Food Court,43.798822,-79.318418
471,4ebc00150aafea6482a2b62b,Bulk Food Stop,Grocery Store,43.79905847489438,-79.31845752716555
472,58e58528db6cd6263002b7b6,Silver Food Mart,Convenience Store,43.799301,-79.306731
473,50a2959be4b0033f83189caa,Jolly's fast food,Chinese Restaurant,43.79331,-79.31553
474,5250425711d28cb30818e619,Cyrus Vegetarian Food,Market,43.803924560546875,-79.29519653320312
475,4ddef195c65bb5e319c6e124,Jasmine Chinese Food,Chinese Restaurant,43.79971978534943,-79.31846853152761
476,52c6e3fe498e5af4797f706a,Genuine Soya Food Co. LTD.,Fish Market,43.804024,-79.293935
477,522a631b11d255e75e340b95,Jikoni Fine Foods,Indian Restaurant,43.79420215212415,-79.31683436953021
478,51d5aa13498e8230fa7c77d3,kitchenclub (Yonge Sheppard Centre Food Court),Food Court,43.76333693125185,-79.40997489106601
479,5d5dadac011df00008fd30bc,Yonge Sheppard Centre Food Court Washroom,Public Bathroom,43.76297,-79.41066
480,4af727f7f964a520870622e3,Rabba Fine Foods,Grocery Store,43.75795227432312,-79.40893623239137
481,5dbae38f76758b0008fadc3e,iQ Seasonal Kitchen,Breakfast Spot,43.762311,-79.411282
482,4c76920adb52b1f7a0c97bdc,Sushi One,Japanese Restaurant,43.76441166173842,-79.41187984957911
483,4faab2f1e4b0cff90d825f2f,Cira's Fine Foods,Grocery Store,43.76247139080213,-79.41008417089972
484,4cdd4c53d5495481408046b2,Post Foods Canada,Arcade,43.764665773637134,-79.41281051799723
485,57ffd7b2d67c8ac5e8b34dd9,Whole Foods Market,Grocery Store,43.76066201105053,-79.41104445918211
486,5c1fc897835c9a002cae78a3,IQ Food Co Yorkdale,Salad Place,43.724646,-79.455247
487,4cc1de711e596dcb46c7be67,Yorkdale Food Court,Food Court,43.72593970794716,-79.45222775066644
488,4ebdb376cc212562ac3ac115,Anatolian Natural Food & Giftware,Miscellaneous Shop,43.719183,-79.457587
489,54fdd96c498e49e509d94f7d,Foodwares Cafe,Café,43.72608184814453,-79.45197296142578
490,4ff767e4e4b0f1abbbb39955,Isinay Foods,Filipino Restaurant,43.727789689572475,-79.46042063927581
491,4fca378ae4b053b8ae43ae65,Dine On 3,Food Court,43.725890608726935,-79.452287937104
492,4e305feb922e065e29f3a504,Ely's Fine Foods,Food & Drink Shop,43.7299720256844,-79.43209648132324
493,4c014abc6f422d7f4902411e,Food Plus Market 24h,,43.721847609980685,-79.4017342320987
494,4b783707f964a520ffbc2ee3,Food Basics,Supermarket,43.66907274219065,-79.33987632394519
495,504a7212e4b0c450c1f29e9e,Leslie Food Mart,Miscellaneous Shop,43.66658789050485,-79.33161231392089
496,4e97945e29c2ebc88a6c6d5f,Daily Food Convenience,Convenience Store,43.664212,-79.326411
497,539a1eff498e1bf8518e4eb5,Food Dudes Pantry,Comfort Food Restaurant,43.65630014845779,-79.3382027627999
498,5294c30711d205fc86ba7773,Food Dudes HQ,Office,43.65595286691616,-79.3386263399559
499,5144a0e0e4b0b07d5e2d99fc,Food Market,Convenience Store,43.670776,-79.327761
500,5adca1a21acf113ad05a9c34,Philippine Oriental Food Market,Grocery Store,43.668755,-79.336961
501,50faf4dae4b0a72cde9ebd71,Gerrard Square Food Court,Food Court,43.66909847412684,-79.3422019143862
502,4cca3750b878a09341227b9a,Lahore Grill & Fast Food,Halal Restaurant,43.67099152695727,-79.32804215768483
503,5b17f7f3175562002cd561f2,Hype Food Co.,Gluten-free Restaurant,43.669253007938465,-79.33590173721313
504,4c719ef4376da0932d62a4c6,Dieu Ky Food Inc,,43.670103,-79.336059
505,4d6157e41ee8721ed827b521,Foodist Market,Food & Drink Shop,43.662307,-79.334817
506,4e76c4a7922ef20af5c2175a,Eadrey Foods,Sandwich Place,43.66218358319657,-79.33475995945061
507,601d52b1d96cea6ff0c25d8e,7 Wonders Fine Foods,Restaurant,43.657471302616806,-79.33952808380127
508,51720092498e2885da2fefd3,Cinq Foods,Sandwich Place,43.656144,-79.33678
509,55e9e3f8498ece8f33abcc58,Victoria Whole Foods,Market,43.67158650864011,-79.32728810974686
510,4d55f93d16a6b60cc29851f8,Young's Fine Food,Smoke Shop,43.6408930269472,-79.43507450152579
511,4ccf3bd47b6854816173baf8,Bhavna's Food,Indian Restaurant,43.641027,-79.434926
512,4e60ff128877954de78f73e3,Green Food Convenience,Convenience Store,43.64059396298394,-79.43658568534241
513,4bef158896edc9b660484af2,King's Food Market,Food & Drink Shop,43.63868751709554,-79.42878221505073
514,4f22e75900392be4e4e6f51f,Parkdale Food Bank,Office,43.63821821941935,-79.43156003952026
515,4c339287a0ced13a8eda166e,Real Food for Real Kids,Office,43.641535,-79.420972
516,597ba84e01559a439cab6a8f,Liberty Park Food And Drink,Bar,43.635845,-79.42596
517,52597df011d2fce16664bd4f,Parkdale Community Foodbank,Non-Profit,43.638072,-79.4316941
518,4e35b8a8ae60d86c3ac2e8d4,Rubini West Indian Food Market,Grocery Store,43.80746450749075,-79.22121047973633
519,4c681572f7a80f47672fa27a,Hong Food,Chinese Restaurant,43.80657502776566,-79.22264849544543
520,4f8f2beae4b0a59082db68a5,Dragon Centre Food Court,Chinese Restaurant,43.81165612661006,-79.23212696341184
521,51efd6fe498e6511494dad1f,Allsteel Food Equipment Ltd.,Factory,43.806495666503906,-79.23219299316406
522,518ecb48498eb00f6f53535c,Touch Down Foods Inc,Asian Restaurant,43.80760521421234,-79.23455563268314
523,4c7ef047171b224b9d800fb1,Lucky Dragon Chinese Food,Chinese Restaurant,43.71946280250894,-79.48075509183974
524,5ef144334eeed3000828b72c,Global Pet Foods,Pet Store,43.75955581665039,-79.3097152709961
525,506e092ee4b0c21f07b20759,Hot Dog Food Place,American Restaurant,43.7592973199511,-79.29740930852039
526,4ef37c0e8b812e39d4b1066d,Careeb Foods,Caribbean Restaurant,43.7572966493312,-79.31099627065319
527,4c3e3eaf6faac9b636f60d76,Silverstar Food Court 國際美食廣場,Food Court,43.822018222616194,-79.29880784326527
528,4ff9c740e4b003534d20b87d,Ga Ga Luck Frozen Dim Sum & Food Ltd.,Food & Drink Shop,43.8257,-79.3033
529,6015d71b38deb728dff4bde2,Shing Hing Food 成興海味,Health Food Store,43.823916,-79.302573
530,590f54b32be425675b893a90,Prince Food 太子小炒,Chinese Restaurant,43.83393,-79.306076
531,4bdcbaf0afe8c9b6d4be5085,C&E Delicious Food,,43.821787,-79.298934
532,597f636e0e5da85ede0f733d,Xi'an Favourite Food,Chinese Restaurant,43.826282,-79.306558
533,56eeddba498e3584c793bf5f,Shing Hing Food 成興海味,Health Food Store,43.825798,-79.306878
534,4bd1e54d462cb7132320db07,For Heavens Gold Chinese Food,Chinese Restaurant,43.83354627176672,-79.30642347993387
535,590f5471fdb9a7186213fe06,Prince Food,Fast Food Restaurant,43.834167,-79.30521
536,4c80031ed4e237042ec85088,Vietnamese Delicacy,Asian Restaurant,43.822723997185975,-79.29902730080833
537,572cf034498efaf000031dd1,Foodie Boy 蘭香園,Snack Place,43.82637,-79.30631
538,4ed02cbe4690a03b5d1f450a,Dong Yi Foods 東一排骨,Asian Restaurant,43.82177149626978,-79.29861455033699
539,4c2f955d66e40f47f32fc28b,Shark's Fin City 魚翅城美食軒,Chinese Restaurant,43.82613693132962,-79.30629014968872
540,4ffb3edc830284672fd3770c,Nelakee Vegetarian,Food & Drink Shop,43.81656920475283,-79.29620504379272
541,53594320498e7059d4ee27cc,PSC Foods LTD,Warehouse Store,43.82094548758751,-79.30657205788435
542,4d1525686c8b54817694dccc,Lyle Foods,,43.82684,-79.291413
543,4b63896af964a520b6812ae3,Sunfood Supermarket 百䋹超級市場,Supermarket,43.83358300086302,-79.30685936840514
544,4c3cb1c7b169c9b6ab0f4668,Food Basics,Supermarket,43.78418291265754,-79.20378863812857
545,5840b547126ae87468548d38,Food Basics Pharmacy,Pharmacy,43.78418287600173,-79.20361493714154
546,596384d665211f77e3f20beb,Jerk Jerks Sea Food Grill,Fast Food Restaurant,43.6904711,-79.49919469999999
547,59639fdc1de7653a47a1223e,Jerk Jerks Sea Food Grill,Fast Food Restaurant,43.6904711,-79.49919469999999
548,4ef5f2ce722e34060e0d558a,Poong Nyeon Oriental Food Market,Market,43.69076730515723,-79.49941244176792
549,50df6f27e4b0f34003f187ea,Centerpoint Mall Food Court,Food Court,43.795759152501695,-79.422930714389
550,5298dda9498e78bd5442004d,persian gourmet food,Restaurant,43.79479217529297,-79.41913604736328
551,4d321cc82c76a14364376dc7,Arzon International Food Market,Middle Eastern Restaurant,43.79125589284332,-79.41805411238548
552,509ee295e4b076197c54d369,Shah Persian Food,BBQ Joint,43.790898,-79.417714
553,5fa59dbcb9755669c261a8f1,Sinjeon Food,Grocery Store,43.799586,-79.419916
554,4d61aaf71939a35ded0730ee,Hwanggane Food Inc.,Fast Food Restaurant,43.79900259482707,-79.42097905363644
555,4c22388e7e85c92899a5bb21,Kosher Food Warehouse,,43.804044,-79.415323
556,4c93a1c8533aa09314bdb745,Global Pet Foods,Pet Store,43.804441096465816,-79.41591027883209
557,5e49aac5fb16e70008e021aa,Shops On Yonge Food Court,Food Court,43.803722,-79.41945
558,4f0b73e4e4b05651f810fdb4,Bulk Food Connoisseur Inc.,Candy Store,43.786558402680186,-79.41702630342566
559,53038ede498edc299795986b,omites perff food place,Housing Development,43.785584,-79.408076
560,4fe0df90e4b074c0cc0283f1,foodbasics,Grocery Store,43.78693999037475,-79.41702080709027
561,538de081498ef7fef4320acf,s & h health foods,Health Food Store,43.795658111572266,-79.42333984375
562,4f7a23a2e4b0d7b575e94841,Health Garden Natural Foods,Building,43.80418395996094,-79.41581726074219
563,59fa6ce6c0af571d9513a002,Eskenita Foods,Filipino Restaurant,43.797676,-79.42568
564,4ae48904f964a520659b21e3,Ambrosia Natural Foods,Health Food Store,43.80395472,-79.415947571
565,5391e44d498e65d34f120284,Seasons foodmart,Fruit & Vegetable Store,43.803471865712346,-79.4198567530775
566,4bc63722424195214cc9031d,JC Foodland Convenience Store,Grocery Store,43.644827290035394,-79.39169786757533
567,584c864ad8f3e90bf915e68b,Paramount Fine Foods,Mediterranean Restaurant,43.647806394179796,-79.39582274737984
568,4ca8be1a14c337042a15d73b,Asian Food Centre,Grocery Store,43.7474858,-79.5232619
569,4eb70cecd3e3644ca6ea9b31,Mayettes Famous Restaurant Filipino food,Filipino Restaurant,43.69245263464061,-79.2818284034729
570,52ab50f611d203b741136406,Hoi Tin Food Products,Asian Restaurant,43.70446891955145,-79.26701997317431
571,4be1dff94283c9b621c754f8,Chopstick Foods,Chinese Restaurant,43.693367057146,-79.27997834306485
572,4b7337def964a5208da22de3,Yummy Food Chinese Food,Chinese Restaurant,43.639460192525235,-79.44260269848131
573,51e341c5498e5e2035539b66,Food & Liquor,Restaurant,43.63961783932359,-79.44181136856386
574,592866f2a30619580b30fcc6,Parkdale Community Food Bank,Non-Profit,43.63969191980553,-79.44051861763
575,4c421374d7fad13ac09108da,Sorauren Food Bank,Restaurant,43.63956924187987,-79.44048643112183
576,53235891498ec77064ed61bc,Ze Ze Food & Drink,American Restaurant,43.63904125970685,-79.44498986005783
577,4de41ec28877bcb6866ca329,Family Food Fair,ATM,43.7604220945516,-79.32501198418869
578,4b26adc3f964a5205f7f24e3,Food Basics,Supermarket,43.76054899113784,-79.32604520023006
579,51828ef3498e8e4065fb53dc,Fine Foods Weiner Stand,Hot Dog Joint,43.771536,-79.323219
580,4d2a102c8292236a506528bb,George's Food Store,Convenience Store,43.70712926044646,-79.50450375024332
581,4db8480d90a089592688f395,Sexy Food Therapy clinic,Medical Center,43.677357,-79.353234
582,4ccc8c6cee23a143afed1fa8,Greek House Food Market,Greek Restaurant,43.67879598287739,-79.34684995555506
583,4e0e034352b1b27c1b828fd5,Five Hole For Food,Park,43.675547,-79.34692
584,4f87654be4b0ddfd8064fafe,Carribean Soul Food,Restaurant,43.684037,-79.347152
585,4df3e1b162e1288ed305b0bd,The Sexy Food Therapy Pad Shack,Professional & Other Places,43.689381,-79.3563
586,4e502487e4cdc76dc9bbd27b,red rose chinese food,Food,43.686277,-79.347757
587,542066ac498e3a898b0f95b0,Petey's Pet Food Grooming & Treats,Pet Store,43.671016693115234,-79.34690856933594
588,4bd624d6cfa7b713252627da,Oriental Food Mart,,43.688411259229376,-79.34821957067962
589,4be87364ee96c9283f1bfebf,Foodland - Toronto,Grocery Store,43.67865,-79.345674
590,4b748034f964a5205ee02de3,Global Pet Foods,Pet Store,43.676912799026276,-79.35522529239412
591,4d9e7daa640b5481cc97cc2d,Noor's Fine Foods,,43.67844560677011,-79.35855428823324
592,4b7f50fff964a520102730e3,Sak's Fine Foods,,43.678687,-79.358553
593,4b9ff7b7f964a5207a4e37e3,Fresh Express Fine Foods,Fruit & Vegetable Store,43.6797511380774,-79.34514111690338
594,4cc0b47d67a3b1f7a00ec40e,Pape International Speciality Foods,Grocery Store,43.688269,-79.348376
595,4b675490f964a52074482be3,Buon Appetite Fine Foods Ltd,Deli / Bodega,43.787113215454454,-79.32895509774274
596,538ddf19498e7360cc2dfc4f,Evolution Food Co,Juice Bar,43.64846817292615,-79.37171498148525
597,4d4db93572eba143b7294712,Domino Foods,Food & Drink Shop,43.648795209533986,-79.371668397717
598,4d28c044f7a9224b4110f89f,Golden Orchard,Farmers Market,43.648970981678715,-79.37062558506041
599,4f1708f0e4b0865b0d2a7124,Carnichero's Prime Meats & Fine Foods,Deli / Bodega,43.64881916985664,-79.37226979956088
600,4f85df72e4b0928ce89c012a,Global Pet Foods,Pet Store,43.64868474422266,-79.37127997492775
601,4ecfbb9a5c5c9528f868d81c,Manotas Organics and Fine Foods,Organic Grocery,43.648703303158236,-79.37165940895324
602,4d377640fe80a1cdc3ff7b9f,Harbourfront Organic Foods,Grocery Store,43.64876974264283,-79.37154392919687
603,4beeb10635dc0f47261b405b,Ponesse Foods,Farmers Market,43.648963864472236,-79.37161541668206
604,577e8a16498efd6898b02861,Paramount Fine Foods,Middle Eastern Restaurant,43.64895653382317,-79.37238211392413
605,4c0bf5f5ffb8c9b6010b6e61,Mayflower Chinese Food,Chinese Restaurant,43.69275315666511,-79.53156594082111
606,4eab24140aafb00bd8d92e3c,M&M Food Market,Grocery Store,43.67909066751657,-79.54719007015228
607,4f3816dde4b0948a82c2c99d,City Food Mart,Convenience Store,43.66716117338628,-79.34779053678808
608,4daf7eccf7b149e03f35f3d1,Everest Indian Foods,Grocery Store,43.640083,-79.473095
609,5841b760e110955af030954d,El Nahual,Restaurant,43.6907629,-79.4737993
610,4baf75baf964a5208a013ce3,Ontario Food Terminal,Farmers Market,43.62872783212032,-79.48581470586774
611,4dca90a4d16495ca5aecac6b,Food Banks Canada,Office,43.626113,-79.480354
612,4fc6b83de4b0466555588588,Palace Pier Food Shoppe,Convenience Store,43.63100130789261,-79.47513720102332
613,4e531e8218381367472b46f5,Rabba Fine Foods,Grocery Store,43.62675858951704,-79.47954237176603
614,4ca35bef7f84224b4e1cc458,Cangro Foods,,43.626383,-79.480502
615,4f297621e4b07412d2e8ce44,Acqua Fine Foods,,43.62541,-79.49806
616,4e080aa318a8382643b86b66,Wui Chun Yuen Herbs & Health Food Co.,Pharmacy,43.815494,-79.322757
617,4f134df2e4b01eeff016d584,Long Food Super Market,Grocery Store,43.8122461167546,-79.32351389464223
618,4af0ba86f964a5209cde21e3,Foody Mart Supermarket 豐泰超級市場,Supermarket,43.81516658561428,-79.32287496499589
619,4ce280b4ffcf3704a1f12b82,The Artisan Cheese and Food Gallery,Deli / Bodega,43.638785,-79.499953
620,4e7ba0c2b0fb126a20b9a0ff,Organic Fine Foods,Gourmet Shop,43.64704921264975,-79.51357368565705
621,5cf56c19b399f7002cf3d644,Global Food Safety Resource Centre Inc,Business Service,43.6703397,-79.2996346
622,4b22f4d6f964a520105124e3,Gabby's Food & Fuel,Bar,43.670809267568956,-79.29665696716665
623,4da1dec12939b1f7e2fefd56,Toby's Food Market,Convenience Store,43.669536,-79.311346
624,53449e26498e6ea4fd0c867b,honey bee chinese food,Chinese Restaurant,43.6702,-79.298618
625,4dd2ef4bfa7611af69e8c852,Local Food Plus,Office,43.669594472162046,-79.30152654647827
626,4d56bf1efb65236ab18309b4,Global Pet Foods,Pet Store,43.66716209080178,-79.31132092476902
627,4c9651da01dd76b00367c248,Foodland - Toronto,Grocery Store,43.670736,-79.298267
628,4e2d7be7e4cd3bc166a9dd0d,Beaches Natural Foods,Food,43.66926478656825,-79.3036334722703
629,4df52ceb7d8b18e17234d2a5,Gobal pet foods,,43.670969,-79.307054
630,5f568a3a69223c768d8e7a58,Bruno's Fine Foods,Gourmet Shop,43.668888,-79.30608
631,4aed9e64f964a520decd21e3,Harvest Cafe and Fine Foods,,43.668532,-79.307115
632,4f84d677e4b0657ba73335a5,Gardenia House Chinese Food,Chinese Restaurant,43.69563022072285,-79.52048054521903
633,50a95105e4b0785850c43d44,Ausef Halal Food and Take Out,Afghan Restaurant,43.70066452026367,-79.5179672241211
634,4f14d5b9e4b038020616fc1b,Sang Chinese Food,,43.700456418205995,-79.517493859257
635,4d7506e3ed838cfa56a6166b,Mister Milk Food Mart,,43.645470668079795,-79.52094720607298
636,5e0e7141b5b5ad00089ebd7a,Bloor Islington Place Food Court,Food Court,43.64557,-79.52173
637,50cf7872e4b08217676abc90,Costco Food Court,Food Court,43.62272689757317,-79.50745536329838
638,4bf6bc8eb182c9b69267745a,Daily Bread Food Bank,,43.617589,-79.510742
639,4ed10a2b29c223f929971b74,Chinese Greek Food,,43.616138,-79.525385
640,4e03bf98e4cd92cb899b4c34,Global Pet Foods,Pet Store,43.62130361903515,-79.52614619559792
641,5242034011d2c2e2d5f9433e,Pristine Fine Foods,Gourmet Shop,43.614701963724265,-79.52006718567482
642,4e8224f8d22dc33e80b7b040,Food Basics,Supermarket,43.73554350420851,-79.55971777440482
643,4c73ef5c1b30a093d432eb09,Kelly Food Mart,Grocery Store,43.685013,-79.315979
644,51dc4a777dd238778e0c0fc7,Little India Food & Cultural Walking Tour,Gastropub,43.672170912310214,-79.32188987731934
645,5c6ff3f331fd14002cbdba2f,La Samoserie,Indian Restaurant,43.684958,-79.3166
646,554faca0498ee17d5acbc75d,B.K. Natural Foods,Health Food Store,43.67326736450195,-79.31961059570312
647,4eeb6c930e01fb1a3f4fb539,Roo Foods Inc,Miscellaneous Shop,43.688457,-79.315367
648,4df52d06fa76abc3d872ba30,Gobal pet foods 1753 queen,,43.66688,-79.31434
649,4b5376f6f964a5203d9e27e3,Kohinoor Foods,Grocery Store,43.672446,-79.321775
650,5c71676ba0215b002c4161bf,Latvian Centre Food Market,Deli / Bodega,43.72567652442309,-79.31824844403933
651,4fb7e5f9e4b01dfcde82eccb,Happyland Pub & Fast Food,Pub,43.736183166503906,-79.30677795410156
652,4dd407b318384691b9b77439,Food Court,Food,43.724597,-79.307232
653,4c47243a31e41b8dd9cd4b35,Deacon's Pantry Food Bank,Restaurant,43.738801719900145,-79.30586099624634
654,5813923d38faeaa03fe3be8e,Charloo's West Indian Foods Inc,Grocery Store,43.731041,-79.3052597
655,4bafa729f964a52010143ce3,Charloo's West Indian Foods,Grocery Store,43.72913882857143,-79.30624901428573
656,4b4f703ff964a520990627e3,Luxmy foods,,43.74141,-79.314378
657,50a67705e4b02fc17e0fe456,Viking Foods,Market,43.7398685622297,-79.32058134496916
658,4df6320b18386ecb4e396f8f,Whole Foods Toronto Office,Office,43.670173829879865,-79.57213911143049
659,4b7c767cf964a520f8942fe3,Global Pet Foods,Pet Store,43.65314,-79.57324
660,4b847328f964a520293631e3,Food Basics,Supermarket,43.770184072629206,-79.18485161662375
661,4cfd74cdee9cb60c9c909aad,M&M Food Market,Grocery Store,43.77048735559827,-79.18413708006608
662,59ab17d2ad1ea473b00418d8,Chit-Chat-Play Food & Games,Theme Restaurant,43.775326,-79.179184
663,4f772eeee4b0d69368e406ce,morningside health foods,Pharmacy,43.76955616421905,-79.18562321631023
664,4c6db74e10faa143debfee68,Atwima Market,Market,43.770977,-79.184809
665,4d445eec3616b60c369be3c2,Natural Food Depot,Grocery Store,43.74548916848182,-79.29337521250254
666,4d11422499b78cfa1891c8d5,P.A.T. Mart 한국식품,Grocery Store,43.744904616778435,-79.29671587467355
667,4ed124e5e5faa5ec03ab42b8,Wadi Foods,Grocery Store,43.74543236851597,-79.29637465930355
668,4bb0f805f964a520c66e3ce3,Arz Fine Foods,Supermarket,43.74389829414246,-79.30099567107857
669,4cd83da93ec4b1f7b98bbd3f,Ava Food Market,Middle Eastern Restaurant,43.76414532190037,-79.39929965307797
670,5bb64cf44acb19002cce2295,Food Industry Recruiters Executive Search,Business Service,43.765928,-79.400491
671,51883e58498e0e314a9a2681,Centre Bistro (North York Centre Food Court),Food Court,43.767722,-79.413504
672,593ae0496bdee61f15c8525d,Road Grill Food Truck,Food Truck,43.76823430537208,-79.41233781036021
673,4ed9297f2c5b50ab9d0b2836,My Pet Food N' More,Pet Store,43.76848302139229,-79.41246496242539
674,4d91279f939e5481afd5c79e,Global Pet Foods,Pet Store,43.764331783397424,-79.39902405022217
675,5d54b13a923bf4000854c612,Thai's Bangkok Street Food,Thai Restaurant,43.734055630373604,-79.44728448987007
676,4e1f569462e19e27e252c6c1,Danforth Food Market,Grocery Store,43.761273,-79.224476
677,4cd70c13122ba143f56636a1,Skyland Food Mart,Supermarket,43.760991325675725,-79.21809210710515
678,5156f7aae4b0e3e0a5c7819f,Markham Danforth West Indian Food Market,Grocery Store,43.767398834228516,-79.2281723022461
679,4c5704a330d82d7f30dbd862,M&M Food Market,Grocery Store,43.75722015378111,-79.23477787340153
680,4f380d00e4b039c3c31e1dd4,Harry's West Indian Fine Foods,Grocery Store,43.75958,-79.223818
681,5856dbaf52a0510ab8aaf845,Jian Hing Foodmart,Supermarket,43.760999220330746,-79.22670651497518
682,4bd2111477b29c7455e88d82,Kitchen Food Fair,Convenience Store,43.751297901387304,-79.40139340223642
683,4e5fbec2c65bfe3fcc47c8a5,Delight Food,Caribbean Restaurant,43.77087301982952,-79.52095818629962
